Date,Sales,Units,Transactions
2020-01-01,38505.35,650,24
2020-01-02,28051.63,588,24
2020-01-03,22848.2,594,24
2020-01-04,26970.51,579,24
2020-01-05,24315.94,579,24
2020-01-06,31313.49,521,24
2020-01-07,27835.399999999998,595,24
2020-01-08,23331.399999999998,591,24
2020-01-09,26907.98,616,24
2020-01-10,30443.36,562,24
2020-01-11,32325.64,595,24
2020-01-12,25841.35,579,24
2020-01-13,26154.87,474,24
2020-01-14,22529.69,431,24
2020-01-15,15682.76,505,24
2020-01-16,31463.41,599,24
2020-01-17,23908.43,446,24
2020-01-18,34779.1,634,24
2020-01-19,31393.27,643,24
2020-01-20,23781.69,439,24
2020-01-21,29094.18,450,24
2020-01-22,30345.39,570,24
2020-01-23,39728.03,574,24
2020-01-24,29937.68,534,24
2020-01-25,27878.71,514,24
2020-01-26,30128.6,519,24
2020-01-27,38714.66,604,24
2020-01-28,22233.27,564,24
2020-01-29,19589.52,375,24
2020-01-30,35924.97,605,24
2020-01-31,35800.9,648,24
2020-02-01,29179.81,527,24
2020-02-02,25353.01,456,24
2020-02-03,32128.55,661,24
2020-02-04,29319.16,564,24
2020-02-05,28540.74,486,24
2020-02-06,27236.05,533,24
2020-02-07,25115.75,466,24
2020-02-08,37579.41,723,24
2020-02-09,19133.76,450,24
2020-02-10,31810.35,624,24
2020-02-11,23462.84,284,24
2020-02-12,46286.43,688,24
2020-02-13,19688.03,490,24
2020-02-14,35758.97,620,24
2020-02-15,28665.95,569,24
2020-02-16,29366.1,375,24
2020-02-17,35901.47,599,24
2020-02-18,19939.01,234,24
2020-02-19,25543.97,564,24
2020-02-20,21731.95,377,24
2020-02-21,22844.77,587,24
2020-02-22,42338.27,616,24
2020-02-23,20382.35,460,24
2020-02-24,39472.28,713,24
2020-02-25,26758.34,532,24
2020-02-26,25039.93,604,24
2020-02-27,23066.71,396,24
2020-02-28,27368.02,446,24
2020-02-29,36358.590000000004,604,24
2020-03-01,29726.16,630,24
2020-03-02,38751.14,629,24
2020-03-03,32921.85,571,24
2020-03-04,31089.05,648,24
2020-03-05,25851.94,572,24
2020-03-06,34946.07,615,24
2020-03-07,28445.78,358,24
2020-03-08,39663.71,685,24
2020-03-09,32651.65,580,24
2020-03-10,22608.54,571,24
2020-03-11,30256.97,577,24
2020-03-12,28051.07,447,24
2020-03-13,28481.18,481,24
2020-03-14,30095.33,615,24
2020-03-15,33316.32,558,24
2020-03-16,21103.54,352,24
2020-03-17,23312.84,624,24
2020-03-18,27246.52,636,24
2020-03-19,19338.04,583,24
2020-03-20,19482.16,420,24
2020-03-21,28486.530000000002,561,24
2020-03-22,26758.42,507,24
2020-03-23,26769.19,587,24
2020-03-24,21492.23,441,24
2020-03-25,26376.21,568,24
2020-03-26,28891.97,575,24
2020-03-27,22152.21,445,24
2020-03-28,33603.89,511,24
2020-03-29,28454.71,561,24
2020-03-30,38590.44,766,24
2020-03-31,24674.949999999997,520,24
2020-04-01,34268.22,608,24
2020-04-02,32150.31,418,24
2020-04-03,24752.19,550,24
2020-04-04,30621.73,684,24
2020-04-05,26141.18,524,24
2020-04-06,35742.85,661,24
2020-04-07,22781.87,537,24
2020-04-08,25861.27,573,24
2020-04-09,20667.03,439,24
2020-04-10,43232.48,711,24
2020-04-11,27099.75,474,24
2020-04-12,35320.01,664,24
2020-04-13,34845.4,532,24
2020-04-14,41736.49,783,24
2020-04-15,30906.78,357,24
2020-04-16,37254.82,657,24
2020-04-17,26051.22,484,24
2020-04-18,33980.86,639,24
2020-04-19,14678.33,457,24
2020-04-20,24379.8,595,24
2020-04-21,29914.93,611,24
2020-04-22,20129.46,483,24
2020-04-23,28927.09,585,24
2020-04-24,23345.97,501,24
2020-04-25,32506.89,598,24
2020-04-26,37623.23,566,24
2020-04-27,35395.44,790,24
2020-04-28,41424.46,780,24
2020-04-29,23033.44,308,24
2020-04-30,33296.7,520,24
2020-05-01,22443.34,509,24
2020-05-02,30847.46,668,24
2020-05-03,32915.090000000004,691,24
2020-05-04,24363.84,247,24
2020-05-05,17482.02,341,24
2020-05-06,21651.0,395,24
2020-05-07,21163.05,539,24
2020-05-08,40488.65,602,24
2020-05-09,28873.98,509,24
2020-05-10,31116.64,582,24
2020-05-11,24562.14,388,24
2020-05-12,27209.17,530,24
2020-05-13,26059.54,503,24
2020-05-14,28178.289999999997,521,24
2020-05-15,19006.75,253,24
2020-05-16,31056.82,420,24
2020-05-17,34090.61,497,24
2020-05-18,43142.41,636,24
2020-05-19,33844.840000000004,628,24
2020-05-20,22768.04,424,24
2020-05-21,33539.020000000004,514,24
2020-05-22,28381.63,593,24
2020-05-23,23440.69,534,24
2020-05-24,26357.44,464,24
2020-05-25,29115.15,581,24
2020-05-26,25687.77,549,24
2020-05-27,30125.91,520,24
2020-05-28,26052.86,468,24
2020-05-29,38504.82,594,24
2020-05-30,27559.91,580,24
2020-05-31,30144.31,610,24
2020-06-01,29601.02,630,24
2020-06-02,23485.58,584,24
2020-06-03,25511.36,567,24
2020-06-04,31168.96,475,24
2020-06-05,31630.99,434,24
2020-06-06,34059.6,538,24
2020-06-07,32110.89,583,24
2020-06-08,30772.43,627,24
2020-06-09,20351.35,365,24
2020-06-10,12139.75,307,24
2020-06-11,19988.85,568,24
2020-06-12,24235.03,403,24
2020-06-13,25201.469999999998,530,24
2020-06-14,33982.35,618,24
2020-06-15,31281.79,615,24
2020-06-16,32261.02,534,24
2020-06-17,37910.049999999996,590,24
2020-06-18,28435.07,392,24
2020-06-19,30582.55,534,24
2020-06-20,26180.25,386,24
2020-06-21,30199.73,589,24
2020-06-22,30289.82,542,24
2020-06-23,25596.45,557,24
2020-06-24,21482.73,619,24
2020-06-25,49440.07,609,24
2020-06-26,23009.12,430,24
2020-06-27,24952.32,464,24
2020-06-28,32715.399999999998,621,24
2020-06-29,31096.32,537,24
2020-06-30,26031.45,531,24
2020-07-01,27523.22,565,24
2020-07-02,30179.75,525,24
2020-07-03,26250.25,460,24
2020-07-04,17512.42,259,24
2020-07-05,27938.05,449,24
2020-07-06,31092.27,483,24
2020-07-07,25126.24,510,24
2020-07-08,44436.47,702,24
2020-07-09,32545.27,540,24
2020-07-10,31784.73,669,24
2020-07-11,23603.78,469,24
2020-07-12,36583.51,644,24
2020-07-13,29811.170000000002,458,24
2020-07-14,34926.58,527,24
2020-07-15,28764.39,596,24
2020-07-16,23609.22,509,24
2020-07-17,20668.15,424,24
2020-07-18,24597.81,530,24
2020-07-19,27513.37,569,24
2020-07-20,20874.98,481,24
2020-07-21,25940.809999999998,508,24
2020-07-22,14521.26,347,24
2020-07-23,29905.62,606,24
2020-07-24,24557.62,566,24
2020-07-25,37018.25,688,24
2020-07-26,22515.300000000003,445,24
2020-07-27,36683.06,546,24
2020-07-28,41113.73,559,24
2020-07-29,17074.95,396,24
2020-07-30,22450.57,458,24
2020-07-31,29565.309999999998,506,24
2020-08-01,30222.07,568,24
2020-08-02,29061.25,495,24
2020-08-03,35867.15,613,24
2020-08-04,32526.57,537,24
2020-08-05,27661.01,437,24
2020-08-06,23035.65,486,24
2020-08-07,30320.829999999998,612,24
2020-08-08,34057.78,599,24
2020-08-09,29166.3,532,24
2020-08-10,27917.31,606,24
2020-08-11,30903.510000000002,523,24
2020-08-12,22669.89,415,24
2020-08-13,21948.600000000002,433,24
2020-08-14,27326.43,610,24
2020-08-15,30996.230000000003,594,24
2020-08-16,27805.98,530,24
2020-08-17,25879.43,478,24
2020-08-18,27198.01,496,24
2020-08-19,29120.8,524,24
2020-08-20,25140.65,484,24
2020-08-21,29454.08,560,24
2020-08-22,23066.370000000003,566,24
2020-08-23,24612.41,460,24
2020-08-24,23295.84,612,24
2020-08-25,27095.67,564,24
2020-08-26,30823.06,595,24
2020-08-27,26588.72,589,24
2020-08-28,33688.4,562,24
2020-08-29,35212.15,672,24
2020-08-30,36018.31,574,24
2020-08-31,24754.809999999998,442,24
2020-09-01,27042.2,527,24
2020-09-02,37429.39,593,24
2020-09-03,27410.24,531,24
2020-09-04,34009.32,441,24
2020-09-05,33908.19,636,24
2020-09-06,30729.73,595,24
2020-09-07,19804.42,397,24
2020-09-08,26170.95,489,24
2020-09-09,22858.58,448,24
2020-09-10,29481.29,570,24
2020-09-11,31745.19,530,24
2020-09-12,21583.46,492,24
2020-09-13,43057.42,612,24
2020-09-14,32514.57,606,24
2020-09-15,35545.46,543,24
2020-09-16,27842.19,499,24
2020-09-17,47058.53,719,24
2020-09-18,25248.35,591,24
2020-09-19,36579.03,677,24
2020-09-20,26670.54,541,24
2020-09-21,29662.489999999998,515,24
2020-09-22,31392.33,563,24
2020-09-23,33122.2,640,24
2020-09-24,27413.64,515,24
2020-09-25,28408.32,566,24
2020-09-26,25968.08,397,24
2020-09-27,27763.4,447,24
2020-09-28,27985.98,609,24
2020-09-29,17471.64,346,24
2020-09-30,32301.13,525,24
2020-10-01,19232.23,325,24
2020-10-02,42128.05,664,24
2020-10-03,38902.66,719,24
2020-10-04,29866.39,584,24
2020-10-05,27953.670000000002,651,24
2020-10-06,19684.8,466,24
2020-10-07,24249.989999999998,443,24
2020-10-08,24442.629999999997,418,24
2020-10-09,33863.75,534,24
2020-10-10,32495.440000000002,543,24
2020-10-11,17816.27,419,24
2020-10-12,31039.36,647,24
2020-10-13,30750.35,523,24
2020-10-14,28388.78,547,24
2020-10-15,16649.11,501,24
2020-10-16,30730.829999999998,457,24
2020-10-17,20317.52,519,24
2020-10-18,26109.03,670,24
2020-10-19,28906.09,552,24
2020-10-20,25958.81,538,24
2020-10-21,24356.91,581,24
2020-10-22,38679.840000000004,641,24
2020-10-23,31623.300000000003,644,24
2020-10-24,33507.2,452,24
2020-10-25,23284.88,465,24
2020-10-26,31272.09,540,24
2020-10-27,23714.12,458,24
2020-10-28,34463.78,615,24
2020-10-29,23945.95,487,24
2020-10-30,22486.8,410,24
2020-10-31,28541.22,603,24
2020-11-01,26543.05,363,24
2020-11-02,24631.76,564,24
2020-11-03,21836.99,535,24
2020-11-04,32892.9,740,24
2020-11-05,28096.920000000002,597,24
2020-11-06,34314.24,523,24
2020-11-07,40025.06,634,24
2020-11-08,25872.11,461,24
2020-11-09,25493.43,407,24
2020-11-10,31392.2,492,24
2020-11-11,33499.1,595,24
2020-11-12,38131.52,535,24
2020-11-13,33568.4,470,24
2020-11-14,27518.16,410,24
2020-11-15,29092.12,510,24
2020-11-16,32120.489999999998,397,24
2020-11-17,33063.9,594,24
2020-11-18,27803.39,601,24
2020-11-19,29803.78,572,24
2020-11-20,30946.850000000002,650,24
2020-11-21,26885.08,411,24
2020-11-22,24155.24,514,24
2020-11-23,39882.909999999996,723,24
2020-11-24,20026.79,502,24
2020-11-25,21491.08,508,24
2020-11-26,38662.02,592,24
2020-11-27,21609.809999999998,539,24
2020-11-28,27769.32,536,24
2020-11-29,38794.33,727,24
2020-11-30,22907.18,455,24
2020-12-01,25521.54,585,24
2020-12-02,24480.510000000002,555,24
2020-12-03,33807.17,728,24
2020-12-04,22178.62,557,24
2020-12-05,25582.46,567,24
2020-12-06,36283.31,567,24
2020-12-07,27579.02,494,24
2020-12-08,27514.2,669,24
2020-12-09,25852.68,418,24
2020-12-10,22411.16,499,24
2020-12-11,35059.31,582,24
2020-12-12,28125.26,607,24
2020-12-13,24921.65,583,24
2020-12-14,27058.0,516,24
2020-12-15,24274.3,404,24
2020-12-16,26281.82,575,24
2020-12-17,20538.309999999998,502,24
2020-12-18,23821.17,562,24
2020-12-19,32351.15,502,24
2020-12-20,26609.22,692,24
2020-12-21,31584.96,519,24
2020-12-22,26663.41,620,24
2020-12-23,37962.38,551,24
2020-12-24,25057.81,503,24
2020-12-25,23899.31,500,24
2020-12-26,19838.2,364,24
2020-12-27,28061.079999999998,507,24
2020-12-28,29803.59,421,24
2020-12-29,32398.06,606,24
2020-12-30,44057.18,770,24
2020-12-31,30177.7,535,24
2021-01-01,30389.17,569,24
2021-01-02,26103.43,610,24
2021-01-03,36497.32,616,24
2021-01-04,37383.83,560,24
2021-01-05,21594.649999999998,532,24
2021-01-06,29119.44,517,24
2021-01-07,25796.58,464,24
2021-01-08,29562.85,554,24
2021-01-09,25232.79,563,24
2021-01-10,29803.15,580,24
2021-01-11,27789.54,599,24
2021-01-12,27801.39,399,24
2021-01-13,38603.770000000004,595,24
2021-01-14,31167.300000000003,600,24
2021-01-15,22242.68,622,24
2021-01-16,31236.47,576,24
2021-01-17,32626.13,585,24
2021-01-18,32917.4,622,24
2021-01-19,24831.29,399,24
2021-01-20,26995.86,538,24
2021-01-21,23675.39,480,24
2021-01-22,21985.52,503,24
2021-01-23,26866.600000000002,549,24
2021-01-24,31469.39,640,24
2021-01-25,23392.87,400,24
2021-01-26,31756.940000000002,664,24
2021-01-27,27465.65,577,24
2021-01-28,31666.47,522,24
2021-01-29,23051.16,578,24
2021-01-30,42679.42,709,24
2021-01-31,39787.06,770,24
2021-02-01,29164.399999999998,488,24
2021-02-02,19264.37,466,24
2021-02-03,23073.17,535,24
2021-02-04,39488.7,713,24
2021-02-05,24571.36,507,24
2021-02-06,18435.88,381,24
2021-02-07,31207.93,574,24
2021-02-08,29256.7,561,24
2021-02-09,29772.09,613,24
2021-02-10,38055.93,560,24
2021-02-11,42801.64,717,24
2021-02-12,25878.989999999998,407,24
2021-02-13,26553.31,589,24
2021-02-14,26846.06,567,24
2021-02-15,31879.77,592,24
2021-02-16,28754.73,550,24
2021-02-17,31367.7,473,24
2021-02-18,22491.7,489,24
2021-02-19,28316.29,468,24
2021-02-20,24503.25,489,24
2021-02-21,36436.950000000004,637,24
2021-02-22,29282.52,607,24
2021-02-23,33934.17,602,24
2021-02-24,37303.14,639,24
2021-02-25,22765.17,569,24
2021-02-26,27717.5,491,24
2021-02-27,28574.010000000002,584,24
2021-02-28,36982.159999999996,630,24
2021-03-01,38504.42,720,24
2021-03-02,28263.57,567,24
2021-03-03,24514.13,589,24
2021-03-04,28960.67,498,24
2021-03-05,28853.86,607,24
2021-03-06,28221.64,540,24
2021-03-07,29226.36,462,24
2021-03-08,27837.57,566,24
2021-03-09,37851.39,633,24
2021-03-10,23008.02,301,24
2021-03-11,23058.64,558,24
2021-03-12,43202.24,603,24
2021-03-13,28110.29,529,24
2021-03-14,25380.760000000002,552,24
2021-03-15,25322.600000000002,390,24
2021-03-16,23072.24,485,24
2021-03-17,33805.17,558,24
2021-03-18,24051.79,558,24
2021-03-19,27927.62,471,24
2021-03-20,28860.43,597,24
2021-03-21,29044.670000000002,600,24
2021-03-22,40531.83,594,24
2021-03-23,26061.29,446,24
2021-03-24,34407.36,578,24
2021-03-25,27358.44,574,24
2021-03-26,27214.34,504,24
2021-03-27,26344.29,548,24
2021-03-28,26573.05,567,24
2021-03-29,32693.91,607,24
2021-03-30,30630.35,548,24
2021-03-31,35303.549999999996,739,24
2021-04-01,22298.14,546,24
2021-04-02,24822.84,561,24
2021-04-03,27709.559999999998,632,24
2021-04-04,21664.88,388,24
2021-04-05,26937.52,470,24
2021-04-06,30122.93,573,24
2021-04-07,25382.920000000002,437,24
2021-04-08,38248.909999999996,632,24
2021-04-09,38078.770000000004,636,24
2021-04-10,39517.58,593,24
2021-04-11,27142.13,553,24
2021-04-12,29800.850000000002,547,24
2021-04-13,27098.53,558,24
2021-04-14,26924.13,505,24
2021-04-15,29312.43,582,24
2021-04-16,35179.94,603,24
2021-04-17,22332.24,469,24
2021-04-18,28567.58,553,24
2021-04-19,22922.61,487,24
2021-04-20,22985.68,341,24
2021-04-21,25817.55,571,24
2021-04-22,28866.2,552,24
2021-04-23,30096.1,391,24
2021-04-24,29065.45,628,24
2021-04-25,24390.83,543,24
2021-04-26,33894.9,548,24
2021-04-27,36328.81,640,24
2021-04-28,29353.51,541,24
2021-04-29,30377.850000000002,436,24
2021-04-30,32818.74,648,24
2021-05-01,30173.46,508,24
2021-05-02,35237.5,547,24
2021-05-03,27824.02,450,24
2021-05-04,31205.78,585,24
2021-05-05,34355.39,683,24
2021-05-06,34181.94,646,24
2021-05-07,27346.73,558,24
2021-05-08,29121.37,655,24
2021-05-09,39249.87,622,24
2021-05-10,22503.260000000002,431,24
2021-05-11,26876.63,517,24
2021-05-12,28109.91,499,24
2021-05-13,22253.18,480,24
2021-05-14,17687.55,454,24
2021-05-15,34087.21,604,24
2021-05-16,33138.28,585,24
2021-05-17,24996.54,556,24
2021-05-18,24972.37,484,24
2021-05-19,34088.39,623,24
2021-05-20,26849.04,559,24
2021-05-21,32847.71,602,24
2021-05-22,28904.47,505,24
2021-05-23,46183.97,680,24
2021-05-24,23084.43,406,24
2021-05-25,25551.39,522,24
2021-05-26,23553.370000000003,270,24
2021-05-27,30817.77,522,24
2021-05-28,36759.78,580,24
2021-05-29,24489.579999999998,474,24
2021-05-30,28814.28,650,24
2021-05-31,21436.8,392,24
2021-06-01,19291.16,432,24
2021-06-02,28687.32,538,24
2021-06-03,31920.14,509,24
2021-06-04,36954.73,584,24
2021-06-05,27913.739999999998,544,24
2021-06-06,21023.37,502,24
2021-06-07,26973.489999999998,530,24
2021-06-08,27106.13,503,24
2021-06-09,33709.93,672,24
2021-06-10,23639.05,559,24
2021-06-11,31625.58,583,24
2021-06-12,29933.82,592,24
2021-06-13,25955.16,528,24
2021-06-14,35859.42,544,24
2021-06-15,21455.239999999998,411,24
2021-06-16,35991.17,666,24
2021-06-17,24202.32,592,24
2021-06-18,28574.34,507,24
2021-06-19,26744.68,424,24
2021-06-20,36665.33,753,24
2021-06-21,37102.08,556,24
2021-06-22,30623.0,702,24
2021-06-23,20069.43,315,24
2021-06-24,28978.24,590,24
2021-06-25,42157.79,655,24
2021-06-26,26370.09,600,24
2021-06-27,27840.13,521,24
2021-06-28,26473.34,563,24
2021-06-29,32827.26,417,24
2021-06-30,35850.81,643,24
2021-07-01,24090.41,617,24
2021-07-02,33328.68,391,24
2021-07-03,34048.8,528,24
2021-07-04,26904.93,475,24
2021-07-05,29829.84,648,24
2021-07-06,27642.96,543,24
2021-07-07,28555.73,436,24
2021-07-08,24519.84,556,24
2021-07-09,24407.76,581,24
2021-07-10,33326.85,560,24
2021-07-11,36643.66,591,24
2021-07-12,23575.26,558,24
2021-07-13,37440.14,640,24
2021-07-14,30497.17,582,24
2021-07-15,16116.79,462,24
2021-07-16,36145.15,428,24
2021-07-17,29327.31,526,24
2021-07-18,27381.87,547,24
2021-07-19,32717.47,623,24
2021-07-20,25505.96,420,24
2021-07-21,29650.7,426,24
2021-07-22,24358.56,481,24
2021-07-23,34667.96,498,24
2021-07-24,36024.57,645,24
2021-07-25,25477.690000000002,517,24
2021-07-26,20058.84,497,24
2021-07-27,21839.72,484,24
2021-07-28,27337.59,604,24
2021-07-29,23696.54,374,24
2021-07-30,22498.16,566,24
2021-07-31,26559.6,391,24
2021-08-01,31365.58,495,24
2021-08-02,32568.1,651,24
2021-08-03,22877.14,493,24
2021-08-04,22129.72,467,24
2021-08-05,33160.53,620,24
2021-08-06,31786.83,391,24
2021-08-07,26349.73,471,24
2021-08-08,29680.15,452,24
2021-08-09,25119.16,522,24
2021-08-10,34953.15,619,24
2021-08-11,29163.17,535,24
2021-08-12,24826.89,548,24
2021-08-13,27786.5,564,24
2021-08-14,34015.97,562,24
2021-08-15,31213.170000000002,592,24
2021-08-16,32402.260000000002,556,24
2021-08-17,23311.65,366,24
2021-08-18,27461.61,511,24
2021-08-19,27777.81,537,24
2021-08-20,25389.420000000002,330,24
2021-08-21,28616.58,608,24
2021-08-22,35738.37,566,24
2021-08-23,28250.63,495,24
2021-08-24,25452.420000000002,621,24
2021-08-25,28496.440000000002,502,24
2021-08-26,14516.84,281,24
2021-08-27,29053.260000000002,422,24
2021-08-28,22670.09,495,24
2021-08-29,27342.57,499,24
2021-08-30,31335.77,500,24
2021-08-31,26147.670000000002,477,24
2021-09-01,26006.7,486,24
2021-09-02,43716.450000000004,604,24
2021-09-03,28058.04,672,24
2021-09-04,35013.229999999996,562,24
2021-09-05,26306.97,515,24
2021-09-06,32334.45,606,24
2021-09-07,28425.09,500,24
2021-09-08,29514.579999999998,462,24
2021-09-09,28863.11,534,24
2021-09-10,26221.170000000002,522,24
2021-09-11,27051.46,441,24
2021-09-12,26617.74,630,24
2021-09-13,20731.35,542,24
2021-09-14,38898.93,681,24
2021-09-15,23386.25,577,24
2021-09-16,32761.399999999998,532,24
2021-09-17,25535.85,502,24
2021-09-18,34177.35,632,24
2021-09-19,34933.270000000004,581,24
2021-09-20,29647.52,623,24
2021-09-21,38618.01,623,24
2021-09-22,23989.96,615,24
2021-09-23,32656.27,601,24
2021-09-24,29106.31,553,24
2021-09-25,25022.37,419,24
2021-09-26,30971.94,572,24
2021-09-27,26524.14,463,24
2021-09-28,45792.89,616,24
2021-09-29,34177.69,503,24
2021-09-30,26161.31,600,24
2021-10-01,27253.42,617,24
2021-10-02,27276.55,494,24
2021-10-03,30521.47,442,24
2021-10-04,20146.2,459,24
2021-10-05,28854.04,584,24
2021-10-06,36878.46,433,24
2021-10-07,35398.39,612,24
2021-10-08,32383.61,616,24
2021-10-09,32623.59,618,24
2021-10-10,17919.21,443,24
2021-10-11,30098.92,640,24
2021-10-12,30239.73,689,24
2021-10-13,31926.92,536,24
2021-10-14,22220.260000000002,424,24
2021-10-15,26167.72,524,24
2021-10-16,27301.97,408,24
2021-10-17,29831.05,415,24
2021-10-18,23686.670000000002,423,24
2021-10-19,24455.53,402,24
2021-10-20,30892.02,576,24
2021-10-21,28819.64,570,24
2021-10-22,24085.31,526,24
2021-10-23,25533.83,560,24
2021-10-24,33639.51,562,24
2021-10-25,33884.57,634,24
2021-10-26,32482.64,377,24
2021-10-27,33129.97,603,24
2021-10-28,36652.69,764,24
2021-10-29,29210.2,475,24
2021-10-30,31557.8,667,24
2021-10-31,34907.21,512,24
2021-11-01,30783.09,653,24
2021-11-02,24622.64,675,24
2021-11-03,29797.5,558,24
2021-11-04,34891.57,585,24
2021-11-05,28360.4,409,24
2021-11-06,37895.78,701,24
2021-11-07,29652.84,586,24
2021-11-08,23547.09,556,24
2021-11-09,19806.059999999998,379,24
2021-11-10,34126.74,561,24
2021-11-11,33644.86,669,24
2021-11-12,32475.2,609,24
2021-11-13,22198.97,534,24
2021-11-14,26754.2,438,24
2021-11-15,26870.27,526,24
2021-11-16,37981.47,580,24
2021-11-17,32301.48,690,24
2021-11-18,35792.77,557,24
2021-11-19,20789.329999999998,544,24
2021-11-20,25788.57,681,24
2021-11-21,24556.59,510,24
2021-11-22,34034.13,544,24
2021-11-23,25258.3,367,24
2021-11-24,30278.55,666,24
2021-11-25,42693.84,624,24
2021-11-26,20739.12,592,24
2021-11-27,26932.5,472,24
2021-11-28,33539.71,513,24
2021-11-29,23095.8,549,24
2021-11-30,27442.95,588,24
2021-12-01,25660.52,454,24
2021-12-02,32892.21,623,24
2021-12-03,26674.26,498,24
2021-12-04,33420.99,585,24
2021-12-05,24515.71,558,24
2021-12-06,20367.47,399,24
2021-12-07,29853.61,671,24
2021-12-08,35539.28,574,24
2021-12-09,26564.04,564,24
2021-12-10,20943.63,454,24
2021-12-11,29048.85,558,24
2021-12-12,35691.97,604,24
2021-12-13,22603.75,615,24
2021-12-14,29431.13,668,24
2021-12-15,41758.32,725,24
2021-12-16,24710.81,498,24
2021-12-17,35204.4,505,24
2021-12-18,23659.19,548,24
2021-12-19,23916.38,546,24
2021-12-20,32434.62,623,24
2021-12-21,29636.87,594,24
2021-12-22,35387.99,630,24
2021-12-23,35163.63,700,24
2021-12-24,34593.17,563,24
2021-12-25,35980.47,592,24
2021-12-26,35580.05,561,24
2021-12-27,36396.3,628,24
2021-12-28,30186.47,555,24
2021-12-29,27508.57,600,24
2021-12-30,16544.38,396,24
2021-12-31,22254.3,328,24
2022-01-01,25094.39,512,24
2022-01-02,41963.17,675,24
2022-01-03,21111.86,404,24
2022-01-04,23879.78,416,24
2022-01-05,26108.870000000003,598,24
2022-01-06,37188.2,654,24
2022-01-07,29990.73,467,24
2022-01-08,32386.180000000004,519,24
2022-01-09,29963.59,497,24
2022-01-10,23346.74,403,24
2022-01-11,24323.85,531,24
2022-01-12,39961.55,671,24
2022-01-13,26543.95,607,24
2022-01-14,36479.28,521,24
2022-01-15,28147.25,569,24
2022-01-16,37453.03,602,24
2022-01-17,28704.28,345,24
2022-01-18,33179.68,691,24
2022-01-19,30097.55,579,24
2022-01-20,29641.43,496,24
2022-01-21,29834.64,523,24
2022-01-22,29991.15,594,24
2022-01-23,25254.16,433,24
2022-01-24,26773.11,452,24
2022-01-25,29770.38,590,24
2022-01-26,39534.14,627,24
2022-01-27,28116.829999999998,385,24
2022-01-28,30894.63,579,24
2022-01-29,23364.469999999998,390,24
2022-01-30,26524.21,592,24
2022-01-31,28800.9,641,24
2022-02-01,29361.239999999998,658,24
2022-02-02,21295.42,546,24
2022-02-03,29789.33,559,24
2022-02-04,26826.239999999998,372,24
2022-02-05,26558.02,478,24
2022-02-06,36086.340000000004,531,24
2022-02-07,25029.07,406,24
2022-02-08,31826.38,548,24
2022-02-09,32502.02,705,24
2022-02-10,29066.71,593,24
2022-02-11,22233.78,421,24
2022-02-12,24311.49,506,24
2022-02-13,30848.4,648,24
2022-02-14,25316.07,491,24
2022-02-15,28233.399999999998,660,24
2022-02-16,27040.09,564,24
2022-02-17,27517.23,568,24
2022-02-18,24372.36,489,24
2022-02-19,32094.81,599,24
2022-02-20,22861.91,528,24
2022-02-21,32170.65,655,24
2022-02-22,34596.86,507,24
2022-02-23,37695.8,607,24
2022-02-24,32185.699999999997,624,24
2022-02-25,22462.59,526,24
2022-02-26,27307.14,483,24
2022-02-27,29246.66,487,24
2022-02-28,28788.67,549,24
2022-03-01,35890.89,552,24
2022-03-02,30827.14,533,24
2022-03-03,28939.739999999998,475,24
2022-03-04,31981.1,538,24
2022-03-05,19210.13,585,24
2022-03-06,20191.51,413,24
2022-03-07,29066.710000000003,608,24
2022-03-08,23000.25,431,24
2022-03-09,30007.77,558,24
2022-03-10,27654.1,587,24
2022-03-11,23700.219999999998,420,24
2022-03-12,34474.340000000004,530,24
2022-03-13,25776.79,557,24
2022-03-14,26621.37,586,24
2022-03-15,38853.61,619,24
2022-03-16,22844.3,654,24
2022-03-17,26314.32,560,24
2022-03-18,28809.24,429,24
2022-03-19,31055.84,585,24
2022-03-20,25536.79,539,24
2022-03-21,30087.68,470,24
2022-03-22,33319.9,501,24
2022-03-23,29382.94,620,24
2022-03-24,27790.9,529,24
2022-03-25,24372.690000000002,476,24
2022-03-26,30208.7,620,24
2022-03-27,32681.04,666,24
2022-03-28,30936.6,610,24
2022-03-29,34633.65,511,24
2022-03-30,33697.26,696,24
2022-03-31,30689.67,477,24
2022-04-01,20610.96,292,24
2022-04-02,31599.53,598,24
2022-04-03,26863.43,658,24
2022-04-04,31572.69,579,24
2022-04-05,20198.399999999998,427,24
2022-04-06,24583.53,495,24
2022-04-07,28059.91,494,24
2022-04-08,26422.02,523,24
2022-04-09,38671.22,644,24
2022-04-10,33920.76,592,24
2022-04-11,32543.829999999998,629,24
2022-04-12,30583.579999999998,495,24
2022-04-13,21546.59,513,24
2022-04-14,33602.56,609,24
2022-04-15,28668.719999999998,505,24
2022-04-16,32523.52,580,24
2022-04-17,25257.75,588,24
2022-04-18,30803.41,595,24
2022-04-19,30171.02,633,24
2022-04-20,25473.14,585,24
2022-04-21,29264.72,521,24
2022-04-22,22974.9,535,24
2022-04-23,28856.27,620,24
2022-04-24,29626.62,618,24
2022-04-25,25867.67,459,24
2022-04-26,28145.31,552,24
2022-04-27,31433.9,392,24
2022-04-28,29807.530000000002,529,24
2022-04-29,28102.03,448,24
2022-04-30,26865.9,481,24
2022-05-01,21870.9,546,24
2022-05-02,22187.39,498,24
2022-05-03,27933.54,541,24
2022-05-04,34978.97,689,24
2022-05-05,26169.77,502,24
2022-05-06,27911.09,558,24
2022-05-07,27241.21,425,24
2022-05-08,32338.28,522,24
2022-05-09,27901.59,682,24
2022-05-10,30737.97,514,24
2022-05-11,29715.16,628,24
2022-05-12,26193.31,544,24
2022-05-13,34102.0,506,24
2022-05-14,26635.0,550,24
2022-05-15,26562.18,576,24
2022-05-16,22455.14,297,24
2022-05-17,45369.77,549,24
2022-05-18,30359.88,557,24
2022-05-19,24947.25,470,24
2022-05-20,29079.58,619,24
2022-05-21,22327.07,380,24
2022-05-22,23997.53,539,24
2022-05-23,31598.81,582,24
2022-05-24,19984.0,497,24
2022-05-25,28379.64,562,24
2022-05-26,33556.58,647,24
2022-05-27,28159.65,525,24
2022-05-28,25977.29,440,24
2022-05-29,23404.7,466,24
2022-05-30,26775.170000000002,502,24
2022-05-31,22960.41,383,24
2022-06-01,27362.780000000002,510,24
2022-06-02,26886.6,543,24
2022-06-03,39457.38,665,24
2022-06-04,32948.97,538,24
2022-06-05,36062.35,622,24
2022-06-06,31711.24,523,24
2022-06-07,30336.55,618,24
2022-06-08,20210.84,487,24
2022-06-09,39273.62,560,24
2022-06-10,24723.3,436,24
2022-06-11,29004.51,495,24
2022-06-12,27872.7,548,24
2022-06-13,30990.25,620,24
2022-06-14,28068.94,520,24
2022-06-15,24905.37,475,24
2022-06-16,24085.06,530,24
2022-06-17,25275.13,434,24
2022-06-18,29778.14,529,24
2022-06-19,24222.15,496,24
2022-06-20,28467.3,545,24
2022-06-21,23311.15,581,24
2022-06-22,30290.98,683,24
2022-06-23,32670.12,532,24
2022-06-24,39251.15,581,24
2022-06-25,34401.45,569,24
2022-06-26,31827.14,358,24
2022-06-27,29902.93,737,24
2022-06-28,29429.58,565,24
2022-06-29,38275.11,624,24
2022-06-30,24869.03,526,24
2022-07-01,23906.1,490,24
2022-07-02,28957.98,618,24
2022-07-03,22298.56,512,24
2022-07-04,23092.25,551,24
2022-07-05,33475.79,620,24
2022-07-06,29573.74,580,24
2022-07-07,40092.78,586,24
2022-07-08,22214.53,439,24
2022-07-09,36610.85,562,24
2022-07-10,33793.62,549,24
2022-07-11,32914.64,512,24
2022-07-12,35570.03,629,24
2022-07-13,28944.47,444,24
2022-07-14,22605.67,534,24
2022-07-15,30161.28,447,24
2022-07-16,28418.11,614,24
2022-07-17,15960.98,401,24
2022-07-18,34248.92,570,24
2022-07-19,36778.71,541,24
2022-07-20,30515.09,599,24
2022-07-21,30682.64,542,24
2022-07-22,29092.510000000002,536,24
2022-07-23,27474.61,593,24
2022-07-24,29009.44,442,24
2022-07-25,35483.12,390,24
2022-07-26,27602.760000000002,545,24
2022-07-27,29933.88,515,24
2022-07-28,27661.9,588,24
2022-07-29,28077.61,476,24
2022-07-30,34452.45,610,24
2022-07-31,37482.18,589,24
2022-08-01,38302.590000000004,555,24
2022-08-02,31118.2,687,24
2022-08-03,32628.69,360,24
2022-08-04,32038.98,563,24
2022-08-05,30457.14,520,24
2022-08-06,32775.93,582,24
2022-08-07,38913.26,525,24
2022-08-08,27547.16,609,24
2022-08-09,26962.12,483,24
2022-08-10,21170.12,391,24
2022-08-11,22435.36,559,24
2022-08-12,21396.6,430,24
2022-08-13,18914.49,430,24
2022-08-14,27780.45,545,24
2022-08-15,40532.01,720,24
2022-08-16,26761.85,509,24
2022-08-17,24480.0,533,24
2022-08-18,34421.02,584,24
2022-08-19,31049.21,620,24
2022-08-20,25487.29,419,24
2022-08-21,36613.14,686,24
2022-08-22,29665.55,523,24
2022-08-23,39416.74,767,24
2022-08-24,25617.34,631,24
2022-08-25,27457.43,416,24
2022-08-26,26973.46,442,24
2022-08-27,29614.44,500,24
2022-08-28,36684.61,675,24
2022-08-29,28936.98,491,24
2022-08-30,27261.73,486,24
2022-08-31,26245.89,514,24
2022-09-01,36758.56,636,24
2022-09-02,23221.510000000002,431,24
2022-09-03,34339.74,555,24
2022-09-04,31899.35,697,24
2022-09-05,28774.9,565,24
2022-09-06,28814.280000000002,571,24
2022-09-07,36474.16,642,24
2022-09-08,24612.58,553,24
2022-09-09,19064.28,374,24
2022-09-10,27103.21,488,24
2022-09-11,26978.37,590,24
2022-09-12,21443.63,549,24
2022-09-13,27267.05,456,24
2022-09-14,29940.53,594,24
2022-09-15,31122.53,471,24
2022-09-16,19877.94,390,24
2022-09-17,24329.08,442,24
2022-09-18,21555.39,444,24
2022-09-19,31933.75,670,24
2022-09-20,29012.149999999998,393,24
2022-09-21,27053.44,584,24
2022-09-22,21885.36,524,24
2022-09-23,23415.079999999998,555,24
2022-09-24,22110.12,366,24
2022-09-25,21580.420000000002,500,24
2022-09-26,24347.41,502,24
2022-09-27,24356.46,498,24
2022-09-28,27945.68,430,24
2022-09-29,32394.42,598,24
2022-09-30,12578.68,425,24
2022-10-01,41607.259999999995,662,24
2022-10-02,31942.33,629,24
2022-10-03,29514.89,590,24
2022-10-04,30221.79,494,24
2022-10-05,26445.94,535,24
2022-10-06,34951.71,641,24
2022-10-07,29363.31,612,24
2022-10-08,27094.68,630,24
2022-10-09,28953.95,480,24
2022-10-10,33077.04,601,24
2022-10-11,33355.69,619,24
2022-10-12,29172.16,607,24
2022-10-13,49348.71,692,24
2022-10-14,36564.66,715,24
2022-10-15,35612.53,532,24
2022-10-16,36169.72,540,24
2022-10-17,27920.36,545,24
2022-10-18,15977.85,409,24
2022-10-19,26377.07,514,24
2022-10-20,22096.190000000002,432,24
2022-10-21,28350.47,450,24
2022-10-22,18542.51,459,24
2022-10-23,35714.46,480,24
2022-10-24,34154.4,491,24
2022-10-25,20176.03,405,24
2022-10-26,35365.98,575,24
2022-10-27,35202.95,667,24
2022-10-28,29156.989999999998,462,24
2022-10-29,20472.46,497,24
2022-10-30,26702.14,613,24
2022-10-31,28363.16,590,24
2022-11-01,34495.36,497,24
2022-11-02,30532.300000000003,789,24
2022-11-03,35243.95,608,24
2022-11-04,25492.149999999998,614,24
2022-11-05,29106.02,584,24
2022-11-06,23225.58,531,24
2022-11-07,23623.3,519,24
2022-11-08,22205.14,460,24
2022-11-09,22931.99,422,24
2022-11-10,31438.3,513,24
2022-11-11,32720.239999999998,574,24
2022-11-12,36292.95,641,24
2022-11-13,36684.64,620,24
2022-11-14,41769.26,677,24
2022-11-15,28860.69,630,24
2022-11-16,29501.03,472,24
2022-11-17,17830.67,384,24
2022-11-18,29425.170000000002,469,24
2022-11-19,21139.42,490,24
2022-11-20,38120.08,630,24
2022-11-21,22568.44,505,24
2022-11-22,42811.96,680,24
2022-11-23,28678.47,579,24
2022-11-24,27889.91,540,24
2022-11-25,20123.63,421,24
2022-11-26,18556.89,480,24
2022-11-27,29713.04,529,24
2022-11-28,43117.6,791,24
2022-11-29,22298.55,434,24
2022-11-30,22917.86,535,24
2022-12-01,23153.31,603,24
2022-12-02,24903.920000000002,495,24
2022-12-03,29951.15,510,24
2022-12-04,26612.17,469,24
2022-12-05,27234.99,532,24
2022-12-06,28259.129999999997,439,24
2022-12-07,34141.729999999996,407,24
2022-12-08,35671.15,618,24
2022-12-09,39620.93,569,24
2022-12-10,38744.69,533,24
2022-12-11,25594.87,443,24
2022-12-12,22403.43,492,24
2022-12-13,25455.96,388,24
2022-12-14,35014.21,650,24
2022-12-15,20170.48,423,24
2022-12-16,24638.32,490,24
2022-12-17,32612.73,575,24
2022-12-18,21416.64,459,24
2022-12-19,33465.71,668,24
2022-12-20,33211.35,586,24
2022-12-21,36429.46,686,24
2022-12-22,20729.15,486,24
2022-12-23,26282.07,550,24
2022-12-24,27347.73,512,24
2022-12-25,16598.41,392,24
2022-12-26,22109.100000000002,541,24
2022-12-27,24364.28,508,24
2022-12-28,36579.64,681,24
2022-12-29,25947.48,447,24
2022-12-30,21651.969999999998,509,24
2022-12-31,40809.34,657,24
2023-01-01,25768.59,431,24
2023-01-02,24629.91,517,24
2023-01-03,28619.61,557,24
2023-01-04,36156.17,550,24
2023-01-05,28017.41,585,24
2023-01-06,25329.49,421,24
2023-01-07,36354.31,540,24
2023-01-08,22726.73,452,24
2023-01-09,33659.67,590,24
2023-01-10,24903.02,547,24
2023-01-11,36798.03,628,24
2023-01-12,33778.6,496,24
2023-01-13,21608.1,416,24
2023-01-14,31946.579999999998,648,24
2023-01-15,23287.13,515,24
2023-01-16,27481.33,532,24
2023-01-17,42595.770000000004,693,24
2023-01-18,24019.7,419,24
2023-01-19,34819.909999999996,590,24
2023-01-20,14761.230000000001,364,24
2023-01-21,24728.47,516,24
2023-01-22,22852.73,470,24
2023-01-23,26447.43,424,24
2023-01-24,30616.879999999997,557,24
2023-01-25,34588.63,435,24
2023-01-26,30157.89,556,24
2023-01-27,38547.32,564,24
2023-01-28,34826.02,579,24
2023-01-29,28272.510000000002,494,24
2023-01-30,24762.96,501,24
2023-01-31,25220.440000000002,510,24
2023-02-01,25794.04,582,24
2023-02-02,21725.48,433,24
2023-02-03,35194.56,599,24
2023-02-04,26779.77,446,24
2023-02-05,32655.43,450,24
2023-02-06,24489.59,487,24
2023-02-07,37461.96,611,24
2023-02-08,22301.8,329,24
2023-02-09,28696.14,535,24
2023-02-10,26519.309999999998,576,24
2023-02-11,33066.25,516,24
2023-02-12,31843.3,628,24
2023-02-13,20690.41,502,24
2023-02-14,37478.090000000004,593,24
2023-02-15,21139.79,462,24
2023-02-16,23917.82,569,24
2023-02-17,21952.81,526,24
2023-02-18,29571.83,638,24
2023-02-19,25141.75,491,24
2023-02-20,38958.47,673,24
2023-02-21,25841.71,501,24
2023-02-22,32643.68,616,24
2023-02-23,32302.489999999998,481,24
2023-02-24,33708.6,638,24
2023-02-25,33428.31,578,24
2023-02-26,12788.730000000001,413,24
2023-02-27,26615.62,398,24
2023-02-28,25859.81,644,24
2023-03-01,34295.88,635,24
2023-03-02,27994.26,623,24
2023-03-03,22288.95,479,24
2023-03-04,26245.56,460,24
2023-03-05,23147.93,438,24
2023-03-06,15715.03,387,24
2023-03-07,22772.62,502,24
2023-03-08,29382.31,589,24
2023-03-09,31612.48,565,24
2023-03-10,28772.1,509,24
2023-03-11,34297.85,531,24
2023-03-12,24453.260000000002,513,24
2023-03-13,37666.51,729,24
2023-03-14,16473.12,390,24
2023-03-15,27421.920000000002,442,24
2023-03-16,33834.31,604,24
2023-03-17,35459.75,464,24
2023-03-18,29625.58,562,24
2023-03-19,39076.68,801,24
2023-03-20,22092.73,173,24
2023-03-21,34298.6,631,24
2023-03-22,29128.010000000002,549,24
2023-03-23,32063.02,605,24
2023-03-24,37551.72,675,24
2023-03-25,37941.31,593,24
2023-03-26,27452.0,497,24
2023-03-27,35573.68,645,24
2023-03-28,28662.38,541,24
2023-03-29,35833.68,565,24
2023-03-30,25720.44,469,24
2023-03-31,22330.170000000002,489,24
2023-04-01,29713.09,504,24
2023-04-02,30360.82,485,24
2023-04-03,28860.26,569,24
2023-04-04,20420.28,422,24
2023-04-05,30432.06,682,24
2023-04-06,31212.15,597,24
2023-04-07,18928.97,446,24
2023-04-08,35906.86,710,24
2023-04-09,35568.15,603,24
2023-04-10,22949.879999999997,426,24
2023-04-11,33570.68,566,24
2023-04-12,22823.600000000002,373,24
2023-04-13,28188.94,547,24
2023-04-14,26631.28,546,24
2023-04-15,27238.37,459,24
2023-04-16,25356.309999999998,494,24
2023-04-17,34295.17,632,24
2023-04-18,33000.35,620,24
2023-04-19,25429.41,587,24
2023-04-20,24417.1,516,24
2023-04-21,34639.05,770,24
2023-04-22,28724.829999999998,452,24
2023-04-23,25760.39,542,24
2023-04-24,26014.55,555,24
2023-04-25,27222.27,532,24
2023-04-26,31589.85,631,24
2023-04-27,20277.78,408,24
2023-04-28,32380.91,563,24
2023-04-29,19339.03,332,24
2023-04-30,29854.37,539,24
2023-05-01,28984.17,474,24
2023-05-02,25453.23,278,24
2023-05-03,34766.96,602,24
2023-05-04,22807.29,362,24
2023-05-05,21579.56,426,24
2023-05-06,25422.56,601,24
2023-05-07,27008.62,622,24
2023-05-08,36751.57,591,24
2023-05-09,28272.4,554,24
2023-05-10,28430.74,511,24
2023-05-11,27320.78,500,24
2023-05-12,22847.43,453,24
2023-05-13,31467.56,445,24
2023-05-14,36422.92,603,24
2023-05-15,26861.52,462,24
2023-05-16,20814.09,358,24
2023-05-17,37939.020000000004,396,24
2023-05-18,28016.36,561,24
2023-05-19,26001.22,505,24
2023-05-20,23733.4,480,24
2023-05-21,30500.29,562,24
2023-05-22,37255.66,630,24
2023-05-23,34139.52,646,24
2023-05-24,27811.15,550,24
2023-05-25,18059.59,484,24
2023-05-26,30891.09,592,24
2023-05-27,25958.780000000002,575,24
2023-05-28,22142.93,402,24
2023-05-29,27954.07,590,24
2023-05-30,31633.91,602,24
2023-05-31,28057.8,446,24
2023-06-01,26641.13,511,24
2023-06-02,25633.62,468,24
2023-06-03,30151.08,383,24
2023-06-04,23189.04,540,24
2023-06-05,29246.5,454,24
2023-06-06,33020.57,381,24
2023-06-07,34391.16,596,24
2023-06-08,24271.12,681,24
2023-06-09,21498.26,449,24
2023-06-10,29189.08,545,24
2023-06-11,24183.36,382,24
2023-06-12,29747.09,626,24
2023-06-13,34019.95,500,24
2023-06-14,27303.2,399,24
2023-06-15,22114.39,442,24
2023-06-16,18773.1,386,24
2023-06-17,18349.89,374,24
2023-06-18,37503.94,645,24
2023-06-19,27378.25,564,24
2023-06-20,24367.23,612,24
2023-06-21,28577.8,467,24
2023-06-22,27582.4,560,24
2023-06-23,22082.41,423,24
2023-06-24,34016.06,745,24
2023-06-25,26085.83,533,24
2023-06-26,28155.2,478,24
2023-06-27,28393.57,439,24
2023-06-28,19018.31,438,24
2023-06-29,39200.909999999996,649,24
2023-06-30,30621.4,432,24
2023-07-01,27856.260000000002,423,24
2023-07-02,28878.149999999998,649,24
2023-07-03,26854.59,451,24
2023-07-04,24871.24,535,24
2023-07-05,29682.260000000002,594,24
2023-07-06,42153.39,590,24
2023-07-07,40006.64,623,24
2023-07-08,37883.54,680,24
2023-07-09,27723.14,426,24
2023-07-10,31596.83,568,24
2023-07-11,18432.44,347,24
2023-07-12,31170.579999999998,501,24
2023-07-13,30992.28,533,24
2023-07-14,22757.36,669,24
2023-07-15,27198.23,559,24
2023-07-16,32659.73,518,24
2023-07-17,21181.19,505,24
2023-07-18,24200.48,596,24
2023-07-19,25008.03,507,24
2023-07-20,19567.28,406,24
2023-07-21,14388.660000000002,368,24
2023-07-22,29859.81,422,24
2023-07-23,31143.600000000002,508,24
2023-07-24,23171.43,538,24
2023-07-25,30724.789999999997,564,24
2023-07-26,31339.78,474,24
2023-07-27,29970.82,647,24
2023-07-28,28697.94,611,24
2023-07-29,30094.649999999998,567,24
2023-07-30,26045.91,501,24
2023-07-31,35142.89,624,24
2023-08-01,25516.89,535,24
2023-08-02,30180.620000000003,683,24
2023-08-03,21418.23,375,24
2023-08-04,22373.53,349,24
2023-08-05,36430.61,578,24
2023-08-06,32050.14,477,24
2023-08-07,30051.559999999998,523,24
2023-08-08,22624.29,449,24
2023-08-09,16685.9,335,24
2023-08-10,26914.81,525,24
2023-08-11,30990.3,639,24
2023-08-12,31274.02,620,24
2023-08-13,29861.25,601,24
2023-08-14,35532.12,606,24
2023-08-15,28906.43,605,24
2023-08-16,33219.8,532,24
2023-08-17,33399.59,482,24
2023-08-18,31766.079999999998,651,24
2023-08-19,23069.850000000002,540,24
2023-08-20,25967.059999999998,569,24
2023-08-21,26860.55,480,24
2023-08-22,22695.08,561,24
2023-08-23,24460.420000000002,463,24
2023-08-24,15836.76,403,24
2023-08-25,42973.57,711,24
2023-08-26,30914.83,549,24
2023-08-27,23290.86,558,24
2023-08-28,28852.93,515,24
2023-08-29,24822.93,270,24
2023-08-30,39843.950000000004,637,24
2023-08-31,22739.25,390,24
2023-09-01,24206.14,655,24
2023-09-02,27998.44,624,24
2023-09-03,25506.79,475,24
2023-09-04,32087.34,613,24
2023-09-05,33997.82,483,24
2023-09-06,24485.190000000002,614,24
2023-09-07,22030.82,372,24
2023-09-08,31440.18,638,24
2023-09-09,28996.239999999998,561,24
2023-09-10,30584.04,628,24
2023-09-11,28993.45,572,24
2023-09-12,29659.350000000002,573,24
2023-09-13,16261.64,454,24
2023-09-14,27775.5,532,24
2023-09-15,35945.14,479,24
2023-09-16,22536.08,437,24
2023-09-17,35555.31,670,24
2023-09-18,31381.84,539,24
2023-09-19,36961.5,605,24
2023-09-20,21303.489999999998,403,24
2023-09-21,32535.46,649,24
2023-09-22,38507.73,585,24
2023-09-23,26182.489999999998,595,24
2023-09-24,32568.21,582,24
2023-09-25,28787.219999999998,540,24
2023-09-26,27494.58,319,24
2023-09-27,33732.0,559,24
2023-09-28,36492.37,548,24
2023-09-29,22724.04,406,24
2023-09-30,19682.690000000002,481,24
2023-10-01,25111.31,474,24
2023-10-02,27135.35,561,24
2023-10-03,28734.87,439,24
2023-10-04,23640.29,444,24
2023-10-05,30759.38,461,24
2023-10-06,24040.31,509,24
2023-10-07,28784.79,498,24
2023-10-08,26737.850000000002,314,24
2023-10-09,30696.9,455,24
2023-10-10,36503.119999999995,654,24
2023-10-11,29656.629999999997,642,24
2023-10-12,27216.45,461,24
2023-10-13,30379.719999999998,490,24
2023-10-14,27403.11,469,24
2023-10-15,39354.770000000004,705,24
2023-10-16,36557.07,690,24
2023-10-17,30635.46,536,24
2023-10-18,33879.24,716,24
2023-10-19,33170.43,522,24
2023-10-20,20673.75,411,24
2023-10-21,24158.53,538,24
2023-10-22,26833.059999999998,475,24
2023-10-23,31986.46,600,24
2023-10-24,36566.93,657,24
2023-10-25,41228.16,701,24
2023-10-26,16576.55,391,24
2023-10-27,25500.6,540,24
2023-10-28,18130.32,476,24
2023-10-29,34431.659999999996,668,24
2023-10-30,30592.15,519,24
2023-10-31,31241.61,654,24
2023-11-01,26983.53,502,24
2023-11-02,23095.420000000002,534,24
2023-11-03,20642.71,592,24
2023-11-04,28335.1,567,24
2023-11-05,36236.18,684,24
2023-11-06,38055.39,604,24
2023-11-07,41245.79,637,24
2023-11-08,32591.050000000003,683,24
2023-11-09,31579.329999999998,598,24
2023-11-10,37038.200000000004,528,24
2023-11-11,23628.37,440,24
2023-11-12,22044.75,438,24
2023-11-13,28157.24,604,24
2023-11-14,37878.39,572,24
2023-11-15,39450.63,602,24
2023-11-16,32183.28,614,24
2023-11-17,27334.48,394,24
2023-11-18,22041.760000000002,451,24
2023-11-19,19797.78,468,24
2023-11-20,40317.98,518,24
2023-11-21,31214.53,569,24
2023-11-22,42687.94,604,24
2023-11-23,29995.59,576,24
2023-11-24,24536.08,552,24
2023-11-25,27469.86,571,24
2023-11-26,27726.23,458,24
2023-11-27,36226.8,468,24
2023-11-28,19145.129999999997,508,24
2023-11-29,18720.31,385,24
2023-11-30,28838.24,590,24
2023-12-01,26512.88,401,24
2023-12-02,30115.22,532,24
2023-12-03,31578.65,625,24
2023-12-04,21231.47,512,24
2023-12-05,28119.68,524,24
2023-12-06,32701.31,518,24
2023-12-07,36105.659999999996,666,24
2023-12-08,25608.15,503,24
2023-12-09,38693.35,578,24
2023-12-10,43815.29,723,24
2023-12-11,24362.39,463,24
2023-12-12,29451.010000000002,561,24
2023-12-13,37795.770000000004,493,24
2023-12-14,31682.98,560,24
2023-12-15,34192.02,435,24
2023-12-16,28151.600000000002,511,24
2023-12-17,22141.74,567,24
2023-12-18,27684.21,510,24
2023-12-19,26666.29,552,24
2023-12-20,36384.08,618,24
2023-12-21,37445.26,495,24
2023-12-22,17663.67,419,24
2023-12-23,37450.83,526,24
2023-12-24,20666.87,511,24
2023-12-25,39163.67,699,24
2023-12-26,24775.82,359,24
2023-12-27,37813.32,625,24
2023-12-28,26376.98,421,24
2023-12-29,33125.22,446,24
2023-12-30,24603.12,444,24
2023-12-31,20289.16,397,24
2024-01-01,33057.729999999996,478,24
2024-01-02,28171.94,635,24
2024-01-03,31237.91,661,24
2024-01-04,27635.100000000002,613,24
2024-01-05,26203.12,528,24
2024-01-06,27846.489999999998,587,24
2024-01-07,27004.25,522,24
2024-01-08,33523.94,574,24
2024-01-09,28090.07,494,24
2024-01-10,32254.26,578,24
2024-01-11,29710.78,563,24
2024-01-12,25414.489999999998,420,24
2024-01-13,32258.84,513,24
2024-01-14,25872.079999999998,536,24
2024-01-15,36436.14,755,24
2024-01-16,20272.510000000002,564,24
2024-01-17,38069.02,679,24
2024-01-18,32424.23,457,24
2024-01-19,21856.24,452,24
2024-01-20,27847.89,529,24
2024-01-21,33288.49,323,24
2024-01-22,30104.56,446,24
2024-01-23,20105.97,551,24
2024-01-24,18613.95,409,24
2024-01-25,25942.06,500,24
2024-01-26,27016.64,412,24
2024-01-27,30992.54,454,24
2024-01-28,26393.45,511,24
2024-01-29,28490.13,645,24
2024-01-30,41152.43,648,24
2024-01-31,23625.65,455,24
2024-02-01,34843.38,521,24
2024-02-02,25390.66,534,24
2024-02-03,26830.96,480,24
2024-02-04,17426.83,492,24
2024-02-05,26524.579999999998,520,24
2024-02-06,30869.67,549,24
2024-02-07,25552.53,377,24
2024-02-08,28429.18,525,24
2024-02-09,22754.3,467,24
2024-02-10,33079.02,666,24
2024-02-11,30557.079999999998,553,24
2024-02-12,22469.760000000002,503,24
2024-02-13,25792.76,663,24
2024-02-14,23936.88,566,24
2024-02-15,33524.63,524,24
2024-02-16,26053.52,417,24
2024-02-17,24705.480000000003,464,24
2024-02-18,30469.100000000002,557,24
2024-02-19,29494.45,548,24
2024-02-20,50458.38,629,24
2024-02-21,24584.31,476,24
2024-02-22,22743.670000000002,465,24
2024-02-23,25681.7,507,24
2024-02-24,40667.08,653,24
2024-02-25,24496.370000000003,418,24
2024-02-26,32420.09,499,24
2024-02-27,27555.18,492,24
2024-02-28,37064.8,703,24
2024-02-29,34188.43,547,24
2024-03-01,33746.35,630,24
2024-03-02,32232.210000000003,586,24
2024-03-03,21967.7,573,24
2024-03-04,39778.79,589,24
2024-03-05,34811.36,595,24
2024-03-06,31138.52,456,24
2024-03-07,28620.27,541,24
2024-03-08,29399.64,632,24
2024-03-09,25422.34,400,24
2024-03-10,35128.78,626,24
2024-03-11,30896.28,431,24
2024-03-12,27965.23,503,24
2024-03-13,21394.23,520,24
2024-03-14,26868.48,646,24
2024-03-15,23474.09,518,24
2024-03-16,20476.57,491,24
2024-03-17,16740.59,339,24
2024-03-18,32886.49,470,24
2024-03-19,34329.75,628,24
2024-03-20,25655.74,402,24
2024-03-21,19419.84,470,24
2024-03-22,27682.37,541,24
2024-03-23,35968.37,561,24
2024-03-24,23408.8,510,24
2024-03-25,26515.100000000002,479,24
2024-03-26,35136.42,478,24
2024-03-27,22596.920000000002,458,24
2024-03-28,29775.14,563,24
2024-03-29,37583.36,675,24
2024-03-30,29167.23,620,24
2024-03-31,37420.83,476,24
2024-04-01,31661.63,639,24
2024-04-02,29484.47,590,24
2024-04-03,32409.83,595,24
2024-04-04,26871.59,530,24
2024-04-05,21424.62,492,24
2024-04-06,18579.4,562,24
2024-04-07,20763.84,422,24
2024-04-08,34315.07,582,24
2024-04-09,28616.45,528,24
2024-04-10,23147.58,371,24
2024-04-11,31318.75,614,24
2024-04-12,31625.65,699,24
2024-04-13,29347.72,567,24
2024-04-14,32196.95,578,24
2024-04-15,32471.61,683,24
2024-04-16,31145.91,511,24
2024-04-17,29378.68,487,24
2024-04-18,33864.39,650,24
2024-04-19,37753.5,607,24
2024-04-20,24689.32,471,24
2024-04-21,22368.059999999998,581,24
2024-04-22,27888.760000000002,615,24
2024-04-23,29041.82,623,24
2024-04-24,23950.68,604,24
2024-04-25,20901.31,392,24
2024-04-26,30872.160000000003,602,24
2024-04-27,30115.48,700,24
2024-04-28,42566.85,716,24
2024-04-29,39418.19,511,24
2024-04-30,38798.3,747,24
2024-05-01,21451.03,609,24
2024-05-02,35561.96,634,24
2024-05-03,43657.98,698,24
2024-05-04,31852.8,574,24
2024-05-05,24784.89,500,24
2024-05-06,29890.18,393,24
2024-05-07,38271.79,565,24
2024-05-08,25111.12,432,24
2024-05-09,26259.4,531,24
2024-05-10,21333.25,254,24
2024-05-11,20711.120000000003,492,24
2024-05-12,23512.31,596,24
2024-05-13,34793.63,526,24
2024-05-14,25257.49,524,24
2024-05-15,35353.75,587,24
2024-05-16,24264.99,481,24
2024-05-17,27660.2,505,24
2024-05-18,29224.95,492,24
2024-05-19,27165.56,521,24
2024-05-20,23294.059999999998,528,24
2024-05-21,26149.83,610,24
2024-05-22,41624.15,643,24
2024-05-23,20418.84,494,24
2024-05-24,25458.55,404,24
2024-05-25,32225.170000000002,579,24
2024-05-26,28494.14,516,24
2024-05-27,37683.65,570,24
2024-05-28,37199.6,676,24
2024-05-29,32776.32,487,24
2024-05-30,22939.920000000002,441,24
2024-05-31,32667.58,493,24
2024-06-01,28604.51,602,24
2024-06-02,23517.79,489,24
2024-06-03,34216.65,470,24
2024-06-04,27874.15,604,24
2024-06-05,32757.71,547,24
2024-06-06,26046.82,189,24
2024-06-07,22893.48,324,24
2024-06-08,33083.82,512,24
2024-06-09,31304.739999999998,480,24
2024-06-10,21954.24,378,24
2024-06-11,31462.18,567,24
2024-06-12,29442.969999999998,464,24
2024-06-13,23284.09,419,24
2024-06-14,30418.63,511,24
2024-06-15,27939.13,520,24
2024-06-16,35784.99,578,24
2024-06-17,23583.34,548,24
2024-06-18,27298.28,622,24
2024-06-19,25241.300000000003,582,24
2024-06-20,30186.59,592,24
2024-06-21,23979.37,488,24
2024-06-22,33132.29,519,24
2024-06-23,24440.71,626,24
2024-06-24,28498.63,479,24
2024-06-25,36294.29,574,24
2024-06-26,22727.44,444,24
2024-06-27,30902.1,527,24
2024-06-28,18601.79,489,24
2024-06-29,29005.23,464,24
2024-06-30,18566.38,559,24
2024-07-01,22081.44,485,24
2024-07-02,26789.04,510,24
2024-07-03,29123.199999999997,381,24
2024-07-04,31783.3,515,24
2024-07-05,31993.07,553,24
2024-07-06,32728.57,505,24
2024-07-07,37704.38,617,24
2024-07-08,34237.21,576,24
2024-07-09,27268.35,557,24
2024-07-10,27501.260000000002,656,24
2024-07-11,40771.159999999996,704,24
2024-07-12,24998.38,552,24
2024-07-13,30253.690000000002,701,24
2024-07-14,21242.579999999998,533,24
2024-07-15,22238.1,489,24
2024-07-16,26471.5,423,24
2024-07-17,25010.86,494,24
2024-07-18,26441.03,532,24
2024-07-19,33987.33,541,24
2024-07-20,34036.03,671,24
2024-07-21,41948.07,707,24
2024-07-22,22531.02,561,24
2024-07-23,40597.68,629,24
2024-07-24,36200.05,565,24
2024-07-25,28033.57,488,24
2024-07-26,28382.5,444,24
2024-07-27,26334.66,462,24
2024-07-28,35276.05,499,24
2024-07-29,21599.16,435,24
2024-07-30,24365.91,515,24
2024-07-31,32819.98,659,24
2024-08-01,40441.72,649,24
2024-08-02,30539.83,635,24
2024-08-03,36956.86,583,24
2024-08-04,23885.03,445,24
2024-08-05,25059.59,399,24
2024-08-06,30564.37,482,24
2024-08-07,25994.19,459,24
2024-08-08,32377.02,478,24
2024-08-09,24300.09,513,24
2024-08-10,35437.479999999996,594,24
2024-08-11,28877.49,526,24
2024-08-12,28358.15,529,24
2024-08-13,21070.25,409,24
2024-08-14,27648.72,531,24
2024-08-15,40697.84,688,24
2024-08-16,36000.13,549,24
2024-08-17,34645.14,628,24
2024-08-18,37257.68,719,24
2024-08-19,22208.04,477,24
2024-08-20,19405.2,498,24
2024-08-21,37574.37,606,24
2024-08-22,26631.52,506,24
2024-08-23,36418.55,370,24
2024-08-24,25070.77,524,24
2024-08-25,26040.13,547,24
2024-08-26,27862.04,506,24
2024-08-27,30132.75,569,24
2024-08-28,29685.92,639,24
2024-08-29,36054.31,558,24
2024-08-30,30580.03,560,24
2024-08-31,32059.87,633,24
2024-09-01,32076.55,593,24
2024-09-02,30464.35,532,24
2024-09-03,23764.09,522,24
2024-09-04,27432.69,640,24
2024-09-05,39141.36,510,24
2024-09-06,36498.05,550,24
2024-09-07,26666.7,602,24
2024-09-08,18836.66,520,24
2024-09-09,30154.2,661,24
2024-09-10,33362.77,570,24
2024-09-11,32552.76,535,24
2024-09-12,30249.49,663,24
2024-09-13,26923.690000000002,477,24
2024-09-14,31076.57,550,24
2024-09-15,28015.29,529,24
2024-09-16,42844.18,705,24
2024-09-17,26868.75,468,24
2024-09-18,24862.82,584,24
2024-09-19,33909.98,699,24
2024-09-20,27835.940000000002,467,24
2024-09-21,27576.56,353,24
2024-09-22,26471.59,535,24
2024-09-23,30661.75,567,24
2024-09-24,25324.2,423,24
2024-09-25,37184.19,679,24
2024-09-26,39540.01,570,24
2024-09-27,24461.49,428,24
2024-09-28,36410.86,546,24
2024-09-29,34456.7,617,24
2024-09-30,34654.81,587,24
2024-10-01,21652.71,454,24
2024-10-02,33518.06,647,24
2024-10-03,20546.739999999998,428,24
2024-10-04,26568.69,528,24
2024-10-05,29851.64,557,24
2024-10-06,25475.08,512,24
2024-10-07,26429.54,496,24
2024-10-08,23131.34,478,24
2024-10-09,39027.56,681,24
2024-10-10,31141.12,636,24
2024-10-11,25827.79,410,24
2024-10-12,30854.87,542,24
2024-10-13,26711.83,521,24
2024-10-14,22003.9,515,24
2024-10-15,43958.35,579,24
2024-10-16,17489.35,338,24
2024-10-17,37530.950000000004,665,24
2024-10-18,29382.93,573,24
2024-10-19,36097.35,589,24
2024-10-20,22337.49,311,24
2024-10-21,26912.440000000002,451,24
2024-10-22,23604.09,524,24
2024-10-23,28569.97,459,24
2024-10-24,30805.64,596,24
2024-10-25,18604.96,431,24
2024-10-26,30440.93,561,24
2024-10-27,36745.55,586,24
2024-10-28,22903.95,508,24
2024-10-29,22999.06,367,24
2024-10-30,31464.14,547,24
2024-10-31,30400.48,592,24
2024-11-01,28350.6,554,24
2024-11-02,26581.03,466,24
2024-11-03,26845.38,543,24
2024-11-04,43144.08,510,24
2024-11-05,26189.59,370,24
2024-11-06,33068.1,578,24
2024-11-07,26860.059999999998,510,24
2024-11-08,17478.7,447,24
2024-11-09,41709.53,677,24
2024-11-10,30018.33,681,24
2024-11-11,33700.48,624,24
2024-11-12,38773.12,627,24
2024-11-13,25409.91,456,24
2024-11-14,26645.46,474,24
2024-11-15,21986.87,276,24
2024-11-16,30639.2,591,24
2024-11-17,16525.34,326,24
2024-11-18,22136.53,383,24
2024-11-19,31863.64,562,24
2024-11-20,40943.6,599,24
2024-11-21,31436.85,564,24
2024-11-22,41338.65,630,24
2024-11-23,41404.9,593,24
2024-11-24,26741.49,574,24
2024-11-25,30976.27,584,24
2024-11-26,28054.9,369,24
2024-11-27,25471.24,520,24
2024-11-28,43369.5,742,24
2024-11-29,15966.460000000001,421,24
2024-11-30,30633.66,504,24
2024-12-01,20129.02,404,24
2024-12-02,32714.12,429,24
2024-12-03,27969.12,444,24
2024-12-04,28379.88,498,24
2024-12-05,14988.58,538,24
2024-12-06,21849.34,539,24
2024-12-07,37389.39,602,24
2024-12-08,33963.07,669,24
2024-12-09,28326.670000000002,531,24
2024-12-10,20147.55,542,24
2024-12-11,32889.26,608,24
2024-12-12,28354.920000000002,600,24
2024-12-13,29361.57,595,24
2024-12-14,26694.8,506,24
2024-12-15,39289.79,696,24
2024-12-16,28813.71,581,24
2024-12-17,35421.44,506,24
2024-12-18,28126.89,437,24
2024-12-19,25188.76,558,24
2024-12-20,26669.05,598,24
2024-12-21,21352.36,554,24
2024-12-22,28212.17,521,24
2024-12-23,23906.21,345,24
2024-12-24,25792.93,535,24
2024-12-25,26460.55,449,24
2024-12-26,36363.39,525,24
2024-12-27,36198.92,703,24
2024-12-28,39774.62,655,24
2024-12-29,31072.489999999998,661,24
2024-12-30,37572.11,736,24
2024-12-31,26917.38,439,24
2025-01-01,37572.1,571,24
2025-01-02,30559.530000000002,526,24
2025-01-03,32825.99,492,24
2025-01-04,22238.46,531,24
2025-01-05,25397.82,516,24
2025-01-06,25503.420000000002,414,24
2025-01-07,38086.46,565,24
2025-01-08,34655.12,684,24
2025-01-09,21937.32,266,24
2025-01-10,36785.83,544,24
2025-01-11,34937.2,621,24
2025-01-12,31556.01,628,24
2025-01-13,22394.96,385,24
2025-01-14,27758.79,473,24
2025-01-15,37397.24,639,24
2025-01-16,29684.41,482,24
2025-01-17,37037.23,674,24
2025-01-18,32365.41,697,24
2025-01-19,39358.29,624,24
2025-01-20,27461.0,593,24
2025-01-21,28654.760000000002,474,24
2025-01-22,27573.81,489,24
2025-01-23,29601.600000000002,545,24
2025-01-24,27835.989999999998,455,24
2025-01-25,24450.08,662,24
2025-01-26,37718.64,555,24
2025-01-27,29940.21,473,24
2025-01-28,28402.6,518,24
2025-01-29,25508.63,585,24
2025-01-30,24836.48,554,24
2025-01-31,16185.029999999999,407,24
2025-02-01,24065.62,437,24
2025-02-02,27862.120000000003,553,24
2025-02-03,16915.28,359,24
2025-02-04,28636.870000000003,445,24
2025-02-05,34361.020000000004,641,24
2025-02-06,21408.65,305,24
2025-02-07,31645.59,516,24
2025-02-08,43003.09,632,24
2025-02-09,16657.6,316,24
2025-02-10,32383.18,584,24
2025-02-11,38657.87,667,24
2025-02-12,28049.88,518,24
2025-02-13,27361.43,560,24
2025-02-14,27932.82,389,24
2025-02-15,35386.29,646,24
2025-02-16,33406.25,591,24
2025-02-17,26399.67,587,24
2025-02-18,42785.0,714,24
2025-02-19,35777.73,655,24
2025-02-20,25857.49,485,24
2025-02-21,26968.14,513,24
2025-02-22,21354.73,493,24
2025-02-23,33197.37,513,24
2025-02-24,25160.62,526,24
2025-02-25,28797.42,676,24
2025-02-26,31404.74,549,24
2025-02-27,31417.86,427,24
2025-02-28,30635.25,522,24
2025-03-01,28510.11,457,24
2025-03-02,43070.48,638,24
2025-03-03,23231.31,608,24
2025-03-04,34052.229999999996,462,24
2025-03-05,17637.2,454,24
2025-03-06,29247.62,516,24
2025-03-07,38472.05,619,24
2025-03-08,25770.28,586,24
2025-03-09,20312.11,455,24
2025-03-10,20388.16,414,24
2025-03-11,32635.850000000002,543,24
2025-03-12,38314.21,636,24
2025-03-13,35611.61,476,24
2025-03-14,38286.71,647,24
2025-03-15,32294.22,575,24
2025-03-16,35853.16,682,24
2025-03-17,28633.960000000003,535,24
2025-03-18,40796.36,713,24
2025-03-19,25928.48,500,24
2025-03-20,24276.24,572,24
2025-03-21,23544.82,425,24
2025-03-22,26652.95,439,24
2025-03-23,30365.0,501,24
2025-03-24,34714.07,687,24
2025-03-25,25742.45,496,24
2025-03-26,24329.73,480,24
2025-03-27,26367.16,570,24
2025-03-28,25861.57,384,24
2025-03-29,25085.91,542,24
2025-03-30,21250.99,454,24
2025-03-31,33474.2,576,24
2025-04-01,29628.03,516,24
2025-04-02,27325.36,460,24
2025-04-03,23360.52,541,24
2025-04-04,29778.6,553,24
2025-04-05,22200.28,379,24
2025-04-06,24585.57,567,24
2025-04-07,32436.940000000002,647,24
2025-04-08,26052.69,510,24
2025-04-09,28981.31,560,24
2025-04-10,36839.28,588,24
2025-04-11,36476.35,570,24
2025-04-12,31412.47,559,24
2025-04-13,30121.600000000002,501,24
2025-04-14,29960.53,606,24
2025-04-15,15436.429999999998,412,24
2025-04-16,37494.39,662,24
2025-04-17,22254.530000000002,506,24
2025-04-18,27391.76,588,24
2025-04-19,33465.09,603,24
2025-04-20,32839.46,617,24
2025-04-21,29329.11,575,24
2025-04-22,27796.91,609,24
2025-04-23,28537.0,388,24
2025-04-24,27504.7,537,24
2025-04-25,17318.65,467,24
2025-04-26,36201.11,597,24
2025-04-27,35639.52,573,24
2025-04-28,37495.57,657,24
2025-04-29,34351.32,454,24
2025-04-30,21756.370000000003,557,24
2025-05-01,19103.64,393,24
2025-05-02,23394.89,409,24
2025-05-03,20448.59,415,24
2025-05-04,43057.119999999995,673,24
2025-05-05,43245.39,743,24
2025-05-06,27731.86,389,24
2025-05-07,34325.87,609,24
2025-05-08,31347.629999999997,494,24
2025-05-09,29743.93,489,24
2025-05-10,27206.19,556,24
2025-05-11,34988.62,722,24
2025-05-12,23636.92,395,24
2025-05-13,16417.97,342,24
2025-05-14,18089.22,424,24
2025-05-15,34554.36,573,24
2025-05-16,22165.84,448,24
2025-05-17,31643.510000000002,665,24
2025-05-18,32592.48,538,24
2025-05-19,28069.940000000002,520,24
2025-05-20,27093.69,451,24
2025-05-21,23244.809999999998,516,24
2025-05-22,27295.14,582,24
2025-05-23,43137.11,671,24
2025-05-24,28187.55,429,24
2025-05-25,36760.49,634,24
2025-05-26,34207.45,585,24
2025-05-27,25403.2,471,24
2025-05-28,25861.7,490,24
2025-05-29,33252.6,574,24
2025-05-30,26700.920000000002,500,24
2025-05-31,21742.88,519,24
2025-06-01,28181.07,614,24
2025-06-02,26704.01,375,24
2025-06-03,30134.920000000002,631,24
2025-06-04,20903.45,526,24
2025-06-05,28626.19,563,24
2025-06-06,35473.58,543,24
2025-06-07,28141.06,603,24
2025-06-08,36325.58,529,24
2025-06-09,31653.45,603,24
2025-06-10,32111.24,558,24
2025-06-11,32822.799999999996,647,24
2025-06-12,36457.59,617,24
2025-06-13,18793.87,504,24
2025-06-14,34047.47,529,24
2025-06-15,28551.96,639,24
2025-06-16,22371.52,667,24
2025-06-17,19298.56,576,24
2025-06-18,21479.53,526,24
2025-06-19,23028.190000000002,404,24
2025-06-20,26415.67,441,24
2025-06-21,22493.84,479,24
2025-06-22,30228.66,492,24
2025-06-23,28421.06,537,24
2025-06-24,28276.68,438,24
2025-06-25,37363.01,444,24
2025-06-26,21030.68,468,24
2025-06-27,27776.989999999998,588,24
2025-06-28,28489.36,480,24
2025-06-29,28342.03,499,24
2025-06-30,25039.63,485,24
2025-07-01,17559.86,380,24
2025-07-02,30407.6,623,24
2025-07-03,30349.36,698,24
2025-07-04,18858.01,442,24
2025-07-05,28370.43,609,24
2025-07-06,31940.91,561,24
2025-07-07,39154.76,634,24
2025-07-08,27133.550000000003,599,24
2025-07-09,35019.57,512,24
2025-07-10,30990.3,560,24
2025-07-11,28700.489999999998,484,24
2025-07-12,26252.78,606,24
2025-07-13,25809.88,632,24
2025-07-14,34637.47,611,24
2025-07-15,31646.33,580,24
2025-07-16,32952.06,601,24
2025-07-17,29544.02,590,24
2025-07-18,26057.31,433,24
2025-07-19,25144.8,394,24
2025-07-20,24858.09,566,24
2025-07-21,21737.25,505,24
2025-07-22,28098.79,618,24
2025-07-23,21196.96,432,24
2025-07-24,30700.239999999998,508,24
2025-07-25,27506.62,309,24
2025-07-26,32859.16,607,24
2025-07-27,28378.27,508,24
2025-07-28,29032.11,626,24
2025-07-29,25689.46,405,24
2025-07-30,24919.23,444,24
2025-07-31,31584.010000000002,595,24
2025-08-01,30485.77,483,24
2025-08-02,34799.54,562,24
2025-08-03,39693.57,674,24
2025-08-04,30833.23,571,24
2025-08-05,24583.53,470,24
2025-08-06,47016.6,694,24
2025-08-07,26212.420000000002,521,24
2025-08-08,42743.57,608,24
2025-08-09,14406.31,314,24
2025-08-10,25579.07,462,24
2025-08-11,28434.559999999998,586,24
2025-08-12,31123.260000000002,628,24
2025-08-13,32910.26,591,24
2025-08-14,27511.54,579,24
2025-08-15,29463.43,545,24
2025-08-16,25859.67,529,24
2025-08-17,28356.03,539,24
2025-08-18,33970.52,582,24
2025-08-19,23356.920000000002,435,24
2025-08-20,13113.09,376,24
2025-08-21,29452.16,441,24
2025-08-22,35207.45,615,24
2025-08-23,19696.45,364,24
2025-08-24,27044.41,423,24
2025-08-25,28498.51,308,24
2025-08-26,31327.329999999998,529,24
2025-08-27,34277.69,681,24
2025-08-28,30593.68,479,24
2025-08-29,28583.91,485,24
2025-08-30,34314.46,572,24
2025-08-31,24126.5,481,24
2025-09-01,31035.829999999998,610,24
2025-09-02,25241.86,567,24
2025-09-03,24280.0,392,24
2025-09-04,30078.59,447,24
2025-09-05,12471.92,196,6
